isotype	start	NT	BH4	bh4_clevage_ratio	nt_clevage_ratio	cleavage_score
tRNA-Thr-TGT	44	10	42	0.44680851063829785	0.02044989775051125	4.449491131165994
tRNA-Thr-TGT	45	1	311	0.7679012345679013	0.002044989775051125	8.552683327310849
tRNA-Thr-TGT	46	1	1602	0.8123732251521298	0.0020920502092050207	8.601081404011547
tRNA-Thr-TGT	47	1	2349	0.545771375464684	0.0020920502092050207	8.027235443436322
tRNA-Thr-TGT	48	1	126	0.028442437923250564	0.009523809523809525	1.5784344577236584
tRNA-Leu-TAG	48	1	61	1.0	0.02857142857142857	5.129283016944966
tRNA-Val-TAC	31	186	10	0.08130081300813008	0.017332960581492873	2.2297516821564725
tRNA-Val-TAC	33	317	12	0.08888888888888889	0.029801635799567548	1.5766115716450564
tRNA-Val-TAC	34	609	30	0.18181818181818182	0.05841726618705036	1.6380297266757586
tRNA-Val-TAC	35	1426	52	0.25365853658536586	0.13599084493610528	0.8993781827081133
tRNA-Val-TAC	36	709	17	0.08629441624365482	0.0867384389527771	-0.00740426742489425
tRNA-Val-TAC	37	1527	26	0.11659192825112108	0.1847102939397605	-0.6637963571213027
tRNA-Val-TAC	38	423	16	0.06694560669456066	0.0532008552383348	0.33153994362038913
tRNA-Val-TAC	43	27	29	0.10820895522388059	0.0032695567934124484	5.048581005682508
tRNA-Val-TAC	44	42	66	0.19760479041916168	0.005060240963855421	5.287268025227291
tRNA-Val-TAC	45	16	510	0.6042654028436019	0.0019298034012784947	8.290584652391686
tRNA-Val-TAC	46	73	1710	0.6845476381104884	0.009078472826762841	6.23655750387502
tRNA-Val-TAC	47	10	5873	0.7032690695725062	0.0012478163214374844	9.138527372288031
tRNA-Val-TAC	48	10	378	0.04330392943063352	0.0015959144589849984	4.7620427118174895
tRNA-Val-TAC	49	14	14	0.0016012810248198558	0.002233211038443133	-0.4798930692298404
tRNA-Val-TAC	50	31	20	0.0022823234052265205	0.004920634920634921	-1.1083412457752067
tRNA-Val-TAC	51	42	29	0.0032984531392174703	0.006622516556291391	-1.0055899364965801
tRNA-Ile-TAT	45	1	776	1.0	0.07142857142857142	3.807354922057604
tRNA-Ile-TAT	46	1	1339	0.633096926713948	0.07142857142857142	3.147853219374603
tRNA-Ile-TAT	47	1	1171	0.3563603164942179	0.07142857142857142	2.318763517608745
tRNA-Ile-TAT	48	1	3485	0.5146950228917442	0.07142857142857142	2.8491446589003973
tRNA-Ile-TAT	49	1	191	0.027434645216891696	0.07142857142857142	-1.3805023486303296
tRNA-Ile-TAT	50	1	13	0.0018637992831541219	0.07142857142857142	-5.260182861405216
tRNA-Ile-TAT	52	1	10	0.0014316392269148174	0.07142857142857142	-5.640761383351859
tRNA-Ala-CGC	42	69	2194	0.9954627949183303	0.4233128834355828	1.2336429992849438
tRNA-Ala-CGC	43	1	602	0.21454027084818247	0.006134969325153374	5.12804853737088
tRNA-Ala-CGC	44	1	2705	0.49083650880058066	0.006134969325153374	6.322042621112749
tRNA-Ala-CGC	45	1	10428	0.6546550317031828	0.006134969325153374	6.737534942857107
tRNA-Ala-CGC	46	35	63967	0.8006283168118554	0.17676767676767677	2.1792781504548557
tRNA-Ala-CGC	47	30	310	0.0038650475026805976	0.1382488479262673	-5.160637502379604
tRNA-Ala-CGC	48	27	165	0.0020529793084570307	0.11065573770491803	-5.75221536236017
tRNA-Ala-CGC	49	68	124	0.0015404683520715572	0.21794871794871795	-7.144475863607303
tRNA-Ala-CGC	50	1	17	0.00021114864864864866	0.003205128205128205	-3.9240511467667014
tRNA-Glu-TTC	10	657	48	0.00876072275962767	0.016885987457592268	-0.9467047454419438
tRNA-Glu-TTC	11	367	37	0.006707759245830312	0.009344366645448758	-0.4782659736593223
tRNA-Glu-TTC	12	628	38	0.0068419157364061935	0.01573816505024685	-1.2017951020362119
tRNA-Glu-TTC	13	851	77	0.013674302965725449	0.02088138587623301	-0.610750170362722
tRNA-Glu-TTC	14	587	138	0.02392095683827353	0.014198979221595994	0.7524878817813158
tRNA-Glu-TTC	15	311	45	0.007739938080495356	0.007466628253145107	0.05186512061263716
tRNA-Glu-TTC	16	69	27	0.004622496147919877	0.0016538433882217589	1.482849493354595
tRNA-Glu-TTC	17	567	89	0.015008431703204048	0.013408059023836549	0.16267282623237286
tRNA-Glu-TTC	18	520	192	0.03136229990199281	0.012147262193982433	1.3684001717670724
tRNA-Glu-TTC	19	13	241	0.03787521609303787	0.00030358936036057075	6.962989078800715
tRNA-Glu-TTC	20	1698	2483	0.2806918381189238	0.03814101844156428	2.8795718420415346
tRNA-Glu-TTC	21	1608	5268	0.37324642199234803	0.03486027706115724	3.4204724896732657
tRNA-Glu-TTC	22	51	84	0.0059163262431328354	0.001104422019143315	2.421410052252897
tRNA-Glu-TTC	23	252	372	0.02553191489361702	0.005427525306913633	2.233935291110264
tRNA-Glu-TTC	24	212	372	0.024896265560165973	0.004545259637236825	2.453494741828427
tRNA-Glu-TTC	25	101	174	0.011510981741201376	0.0021607513424469972	2.4134059197037763
tRNA-Glu-TTC	26	47	56	0.003691009754811495	0.0010044881384911307	1.8775550223334023
tRNA-Glu-TTC	28	24	13	0.0009030286190608503	0.0005231949773282176	0.7874230197357323
tRNA-Glu-TTC	30	11	15	0.0010627745500921071	0.00024094274324265125	2.1410733301241414
tRNA-Glu-TTC	31	259	303	0.021016855101616147	0.005641103826802866	1.89749740925799
tRNA-Glu-TTC	33	1060	708	0.047644683714670254	0.02336036671368124	1.0282523224459936
tRNA-Glu-TTC	34	1442	1913	0.11501232489629051	0.03206439562394379	1.8427443514126938
tRNA-Glu-TTC	35	1394	6768	0.29063425945806676	0.030952328085796125	3.2310849441215135
tRNA-Glu-TTC	36	2687	3195	0.1273009801577815	0.07638948116560057	0.7367976294672567
tRNA-Glu-TTC	37	1772	1824	0.07070863699798419	0.06731755498993276	0.07090367157812591
tRNA-Glu-TTC	38	932	1966	0.07153252801630039	0.0361927692128461	0.9828979317343055
tRNA-Glu-TTC	40	2524	1501	0.052922925040547214	0.10678174049160215	-1.0127002631217206
tRNA-Glu-TTC	41	1443	1079	0.03676320272572402	0.058031046408750904	-0.6585624872488652
tRNA-Glu-TTC	42	1094	1311	0.042806765493371646	0.04226549219595117	0.018358578005752184
tRNA-Glu-TTC	43	882	1355	0.04236890653825709	0.03295225285810356	0.36262879410077026
tRNA-Glu-TTC	44	459	586	0.018010818785345464	0.016914176216973137	0.09063085448372726
tRNA-Glu-TTC	45	179	242	0.007387959457809256	0.006608336102189242	0.16088888482724897
tRNA-Glu-TTC	46	225	410	0.012366531941847137	0.008242664029014177	0.585258372119771
tRNA-Glu-TTC	47	94	41	0.0012360939431396785	0.003445495198299245	-1.4789229546419191
tRNA-Glu-TTC	48	140	67	0.0020256379247792964	0.005422993492407809	-1.4207131182919563
tRNA-Glu-TTC	49	328	138	0.004159633469978298	0.01277059648029902	-1.6182975963821409
tRNA-Glu-TTC	50	42	114	0.0034244517873235204	0.0016339869281045752	1.0674766068297679
tRNA-Val-CAC	47	1	72	0.8571428571428571	0.00015344483658124905	12.44759985827995
tRNA-Val-CAC	48	1	19	0.2087912087912088	0.0009250693802035153	7.8182836809795395
tRNA-Leu-AAG	39	1	46	0.4946236559139785	0.0023923444976076554	7.691762277029865
tRNA-Leu-AAG	40	27	26	0.2184873949579832	0.060674157303370786	1.8483959785234403
tRNA-Leu-AAG	41	1	56	0.32	0.0022471910112359553	7.153805336079035
tRNA-Leu-AAG	42	30	82	0.31906614785992216	0.06315789473684211	2.336820563033997
tRNA-Leu-AAG	43	1	114	0.30727762803234504	0.002105263157894737	7.189398340762249
tRNA-Leu-AAG	44	1	45	0.10817307692307693	0.002105263157894737	5.683197081406893
tRNA-Leu-AAG	45	1	24	0.05454545454545454	0.002105263157894737	4.695386490414807
tRNA-Leu-AAG	46	1	92	0.17293233082706766	0.002105263157894737	6.360063223774134
tRNA-Leu-AAG	47	1	88	0.14193548387096774	0.002150537634408602	6.044394119358453
tRNA-Leu-AAG	48	1	156	0.2139917695473251	0.017543859649122806	3.608517228700053
tRNA-Gly-TCC	20	14	54	0.009189925119128658	0.0002473585639068518	5.215377352632135
tRNA-Gly-TCC	22	1	12	0.0020380434782608695	1.7668468850489415e-05	6.849863997746694
tRNA-Gly-TCC	23	1	12	0.002033898305084746	1.7668468850489415e-05	6.84692671466714
tRNA-Gly-TCC	24	96	169	0.027846432690723347	0.0016933008783998308	4.039582270778506
tRNA-Gly-TCC	25	37	30	0.004918839153959666	0.0006522007368105621	2.914929903649302
tRNA-Gly-TCC	31	1	12	0.0022641509433962265	1.8065215427693975e-05	6.969611871808745
tRNA-Gly-TCC	32	1	10	0.0019391118867558659	1.8127435874195594e-05	6.741077368824985
tRNA-Gly-TCC	35	16	27	0.005372065260644648	0.0002932605069741014	4.195222127594234
tRNA-Gly-TCC	36	17	10	0.001998800719568259	0.0003123851525174568	2.677736852781361
tRNA-Gly-TCC	44	32	10	0.0021079258010118043	0.0006042752473751794	1.802546333038501
tRNA-Gly-TCC	45	24	19	0.0040825096691018475	0.0004581901489117984	3.1554379565550392
tRNA-Gly-CCC	17	1	11	0.003863716192483316	2.2326412145568206e-05	7.435093886638092
tRNA-Gly-CCC	18	44	55	0.018952446588559616	0.0009813980461257082	4.2714018898730375
tRNA-Gly-CCC	19	45	186	0.06023316062176166	0.00100269613850576	5.90860158703687
tRNA-Gly-CCC	20	87	831	0.21204388874712937	0.0019347951785793711	6.7760382460590405
tRNA-Gly-CCC	22	21	23	0.005834601725012684	0.000466801520439238	3.643753014446215
tRNA-Gly-CCC	23	11	59	0.01474631342164459	0.00024445530912485	5.914639777166182
tRNA-Gly-CCC	33	36	11	0.003262158956109134	0.0008310632993212983	1.9727968107917535
tRNA-Gly-CCC	34	12	16	0.005082592121982211	0.0002832259434964243	4.1655391317024275
tRNA-Gly-CCC	35	33	54	0.018249408583981074	0.0007987993803253292	4.513872686918284
tRNA-Gly-CCC	36	87	24	0.008301625735039779	0.002129482315506058	1.9628911429701148
tRNA-Gly-CCC	39	1	13	0.004528039010797631	2.4620232907403306e-05	7.52289816758871
tRNA-Met-CAT	43	13	45	1.0	0.007454128440366973	7.067744606635834
tRNA-Met-CAT	44	12	1038	0.9584487534626038	0.00683371298405467	7.131887829563755
tRNA-Met-CAT	45	1	5075	0.8241312114322832	0.0005694760820045558	10.499023084450442
tRNA-Met-CAT	46	17	8073	0.5672826927130912	0.009588268471517203	5.886653734107586
tRNA-Met-CAT	47	1	382	0.02614110723328543	0.0005640157924421884	5.534440880372832
tRNA-Arg-TCG	43	1	11	1.0	0.029411764705882353	5.087462841250339
tRNA-Arg-TCG	46	31	12	0.5217391304347826	0.41333333333333333	0.33602292477314905
tRNA-Arg-TCG	47	24	30	0.5660377358490566	0.24242424242424243	1.2233642604037729
tRNA-Arg-TCG	48	38	151	0.7401960784313726	0.2992125984251969	1.3067365706821636
tRNA-Thr-AGT	34	1	24	1.0	0.03333333333333333	4.906890595608519
tRNA-Thr-AGT	36	37	98	0.8032786885245902	0.5522388059701493	0.5406083313811445
tRNA-Thr-AGT	42	1	11	0.08270676691729323	0.011494252873563218	2.847092678984836
tRNA-Thr-AGT	48	1	11	0.0763888888888889	0.017543859649122806	2.1223966313597264
tRNA-Thr-AGT	49	17	51	0.26153846153846155	0.22972972972972974	0.18708555260049523
tRNA-Phe-GAA	43	1	19	0.59375	0.008064516129032258	6.202123823830461
tRNA-Phe-GAA	44	1	49	0.6049382716049383	0.008064516129032258	6.229056151617459
tRNA-Phe-GAA	45	1	595	0.8801775147928994	0.008064516129032258	6.770062732299997
tRNA-Phe-GAA	46	10	1672	0.7160599571734475	0.07462686567164178	3.2623133930542685
tRNA-Phe-GAA	47	1	4354	0.6509194199431904	0.007462686567164179	6.4466400527190055
tRNA-Phe-GAA	48	1	264	0.03796922191859629	0.007462686567164179	2.3470634356241376
tRNA-Phe-GAA	49	1	10	0.0014361625736033319	0.007462686567164179	-2.377476022720504
tRNA-Ala-AGC	43	1	128	1.0	0.047619047619047616	4.392317422778761
tRNA-Ala-AGC	45	1	96	0.42857142857142855	0.047619047619047616	3.169925001442312
tRNA-Ala-AGC	46	1	157	0.4120734908136483	0.047619047619047616	3.1132909841770653
tRNA-Ala-AGC	47	1	303	0.44298245614035087	0.047619047619047616	3.217638891365813
tRNA-Pro-TGG	44	1	367	0.8951219512195122	0.0013157894736842105	9.410011761668715
tRNA-Pro-TGG	45	1	106	0.2145748987854251	0.0013404825737265416	7.322585043233759
tRNA-Pro-TGG	46	1	441	0.4716577540106952	0.0013404825737265416	8.45884411103776
tRNA-Pro-TGG	47	1	35	0.0364963503649635	0.001876172607879925	4.281887734686012
tRNA-Arg-CCT	32	1	32	1.0	0.012658227848101266	6.303780748177103
tRNA-Arg-CCT	33	10	155	0.8288770053475936	0.11235955056179775	2.883035281465636
tRNA-Arg-CCT	34	52	22	0.10526315789473684	0.36879432624113473	-1.808815879185884
tRNA-Arg-CCT	35	37	22	0.09523809523809523	0.20786516853932585	-1.1260373574413125
tRNA-Arg-CCT	36	16	18	0.07228915662650602	0.08247422680412371	-0.19016408843864085
tRNA-Arg-CCT	37	30	10	0.03861003861003861	0.13392857142857142	-1.794415866350106
tRNA-Arg-CCT	38	1	21	0.075	0.004464285714285714	4.070389327891398
tRNA-Arg-CCT	39	10	20	0.06666666666666667	0.042735042735042736	0.6415460290875237
tRNA-Arg-CCT	41	43	15	0.047619047619047616	0.14333333333333334	-1.5897634869849775
tRNA-Arg-CCT	42	24	80	0.20253164556962025	0.07407407407407407	1.4511067539863656
tRNA-Arg-CCT	43	1	11	0.027093596059113302	0.0030864197530864196	3.133945704336746
tRNA-Arg-CCT	44	1	10	0.02403846153846154	0.0030864197530864196	2.961338379630895
tRNA-Arg-CCT	45	1	54	0.1148936170212766	0.0030864197530864196	5.218220558483094
tRNA-Arg-CCT	46	20	154	0.2467948717948718	0.05813953488372093	2.0857209816473885
tRNA-Arg-CCT	47	15	12	0.018867924528301886	0.04310344827586207	-1.1918675543229895
tRNA-Arg-CCT	48	1	139	0.17935483870967742	0.003134796238244514	5.838301186326777
tRNA-Arg-TCT	38	406	12	1.0	0.6928327645051194	0.5294209372370717
tRNA-Arg-TCT	45	16	275	0.9581881533101045	0.02962962962962963	5.015196478787165
tRNA-Arg-TCT	46	1	1604	0.8482284505552617	0.001851851851851852	8.83934037555599
tRNA-Arg-TCT	47	1	4832	0.7187267588874015	0.001851851851851852	8.60033090214436
tRNA-Arg-TCT	48	1	93	0.013644366197183098	0.001890359168241966	2.851573102996219
tRNA-Ser-GCT	32	1	12	0.3076923076923077	0.0015337423312883436	7.648288436089985
tRNA-Ser-GCT	33	1	72	0.6486486486486487	0.0017985611510791368	8.494450207815714
tRNA-Ser-GCT	36	20	33	0.22916666666666666	0.03795066413662239	2.5942001746659935
tRNA-Ser-GCT	37	1	11	0.07096774193548387	0.002070393374741201	5.099186592198833
tRNA-Ser-GCT	38	30	21	0.11931818181818182	0.05847953216374269	1.0288102241399986
tRNA-Ser-GCT	39	1	27	0.1330049261083744	0.001949317738791423	6.092366600585347
tRNA-Ser-GCT	40	1	15	0.06880733944954129	0.001949317738791423	5.141521286438646
tRNA-Ser-GCT	41	1	23	0.0954356846473029	0.001949317738791423	5.6134876354341054
tRNA-Ser-GCT	42	1	28	0.10408921933085502	0.001949317738791423	5.738707575108034
tRNA-Ser-GCT	43	1	16	0.056140350877192984	0.001949317738791423	4.84799690655495
tRNA-Ser-GCT	50	1	83	0.2434017595307918	0.0125	4.283339597210115
tRNA-Ser-GCT	51	1	270	0.44189852700491	0.0125	5.143715122119463
tRNA-Ser-GCT	52	1	15	0.023961661341853034	0.0125	0.9387998435632624
tRNA-Ser-GCT	53	1	29	0.044274809160305344	0.0125	1.8245579935901217
tRNA-Ser-GCT	54	1	47	0.06695156695156695	0.0125	2.421189726260439
tRNA-Ser-GCT	55	1	32	0.043596730245231606	0.0125	1.8022918420441494
tRNA-Ser-GCT	57	1	11	0.01476510067114094	0.0125	0.2402630981751355
tRNA-Ser-GCT	59	25	12	0.015852047556142668	0.211864406779661	-3.7404001296774587
tRNA-Leu-CAA	36	1	14	1.0	0.012195121951219513	6.357552004618084
tRNA-Leu-CAA	37	88	39	0.7358490566037735	0.5176470588235295	0.5074410817994534
tRNA-Leu-CAA	38	595	326	0.8601583113456465	0.7777777777777778	0.14524419544469422
tRNA-Leu-CAA	39	1539	889	0.7011041009463722	0.66796875	0.06984806380446475
tRNA-Leu-CAA	41	1	26	0.02009273570324575	0.00043402777777777775	5.532742817590897
tRNA-Leu-CAA	42	14	15	0.01145912910618793	0.0060396893874029335	0.9239511426121454
tRNA-Leu-CAA	43	23	24	0.01800450112528132	0.009824861170439982	0.8738486986871828
tRNA-Leu-CAA	45	13	46	0.03335750543872371	0.0055225148683092605	2.5946141014403845
tRNA-Leu-CAA	46	1	12	0.008626887131560028	0.0004248088360237893	4.343954401217361
tRNA-Leu-CAA	48	1	14	0.0099644128113879	0.00043706293706293706	4.510871843727705
tRNA-Leu-CAA	50	1	22	0.015416958654519973	0.00043706293706293706	5.1405333359399235
tRNA-Leu-CAA	51	1	18	0.01245674740484429	0.00043706293706293706	4.83294256083266
tRNA-Tyr-GTA	43	163	511	1.0	0.28347826086956524	1.8186899916006598
tRNA-Tyr-GTA	44	359	1257	0.7109728506787331	0.4218566392479436	0.7530416628919876
tRNA-Tyr-GTA	45	1	11576	0.867505995203837	0.0011750881316098707	9.527960954773024
tRNA-Tyr-GTA	46	39	6120	0.31442663378545005	0.043820224719101124	2.8430546396330967
tRNA-Tyr-GTA	47	26	12466	0.3904165361728782	0.028384279475982533	3.78185013490928
tRNA-Tyr-GTA	48	10	689	0.021122658573224193	0.01079913606911447	0.9678755274716342
tRNA-Tyr-GTA	49	1	80	0.002446557998715557	0.0010799136069114472	1.1798375826638097
tRNA-Ala-TGC	42	1	903	0.8809756097560976	0.0019801980198019802	8.797313560727208
tRNA-Ala-TGC	43	1	120	0.10480349344978165	0.0024449877750611247	5.421715745565961
tRNA-Ala-TGC	44	1	550	0.32448377581120946	0.0024449877750611247	7.052175283330064
tRNA-Ala-TGC	45	1	1746	0.522911051212938	0.0024449877750611247	7.740594498508073
tRNA-Ala-TGC	46	1	335	0.09168035030103995	0.002785515320334262	5.040596400540697
tRNA-Ala-TGC	47	10	17759	0.8293559986923831	0.02710027100271003	4.93561232367877
tRNA-Ala-TGC	48	33	24	0.0011195596398749824	0.14798206278026907	-7.046347120295552
tRNA-Ala-TGC	49	15	67	0.003115699404761905	0.06302521008403361	-4.338301064621563
tRNA-Ala-TGC	50	199	332	0.0152042498626122	0.4830097087378641	-4.989505643759923
tRNA-Lys-CTT	16	198	11	0.003138373751783167	0.004123625458180607	-0.39389612674200974
tRNA-Lys-CTT	17	72	40	0.011283497884344146	0.0014972550324405256	2.9138224860397903
tRNA-Lys-CTT	43	58	92	0.2658959537572254	0.01459119496855346	4.187691878351796
tRNA-Lys-CTT	44	49	170	0.38724373576309795	0.013904653802497162	4.799602171407549
tRNA-Lys-CTT	45	28	2610	0.859400724399078	0.00813244263723497	6.723498441802098
tRNA-Lys-CTT	46	70	17858	0.860419176102144	0.020551967116852612	5.387691286209207
tRNA-Lys-CTT	47	65	23402	0.5301406791563781	0.018726591760299626	4.823214988740239
tRNA-Lys-CTT	48	55	676	0.01508288895334568	0.024390243902439025	-0.6933913984940193
tRNA-Lys-CTT	49	12	204	0.00453101747995469	0.005412719891745603	-0.25651867396273575
tRNA-Lys-CTT	50	1	20	0.00044402015851519657	0.00046146746654360867	-0.05560376503868059
tRNA-Asn-GTT	44	1	61	1.0	0.0048543689320388345	7.6865005271832185
tRNA-Asn-GTT	45	1	189	0.756	0.0048543689320388345	7.282958666742204
tRNA-Asn-GTT	46	1	1255	0.8338870431893688	0.0048543689320388345	7.424424404374289
tRNA-Asn-GTT	47	1	3001	0.6660008877052819	0.0048543689320388345	7.100096532546079
tRNA-Asn-GTT	48	1	13800	0.7538511963290724	0.005952380952380952	6.984669104031842
tRNA-Asn-GTT	49	1	94	0.005108695652173913	0.005952380952380952	-0.22051187137533987
tRNA-Asn-GTT	50	1	11	0.0005974689044592906	0.005952380952380952	-3.316531327442609
tRNA-Asn-GTT	51	1	34	0.0018433179723502304	0.005952380952380952	-1.6911619045530812
tRNA-Asn-GTT	52	1	12	0.000650159830958444	0.005952380952380952	-3.1946005324976294
tRNA-Cys-GCA	44	1	646	0.9321789321789322	0.01098901098901099	6.4064734527554075
tRNA-Cys-GCA	45	1	16	0.02416918429003021	0.041666666666666664	-0.7857249060860614
tRNA-Cys-GCA	46	1	158	0.1926829268292683	0.041666666666666664	2.209263149392813
tRNA-Cys-GCA	47	1	89	0.09790979097909791	0.041666666666666664	1.232559447493447
tRNA-His-GTG	21	1	36	0.08530805687203792	0.0003139717425431711	8.08590346987879
tRNA-His-GTG	44	1	12	0.17391304347826086	0.0008620689655172414	7.656347133957921
tRNA-His-GTG	45	26	121	0.6368421052631579	0.05416666666666667	3.555458506411073
tRNA-His-GTG	46	1	19	0.09090909090909091	0.0035842293906810036	4.664689693191891
tRNA-Trp-CCA	43	1	18	0.5806451612903226	0.0024154589371980675	7.9092156485547624
tRNA-Trp-CCA	44	18	2938	0.9895587739979791	0.041666666666666664	4.56981980329078
tRNA-Trp-CCA	45	1	11074	0.7885779391867834	0.0023148148148148147	8.412212758260754
tRNA-Trp-CCA	46	13	15808	0.5297942221328508	0.06280193236714976	3.076551254418993
tRNA-Trp-CCA	47	1	1835	0.057935781264799674	0.004830917874396135	3.5840854027998983
tRNA-iMet-CAT	10	31	78	0.0759493670886076	0.010583817002389894	2.843177920036545
tRNA-iMet-CAT	11	11	10	0.009643201542912247	0.0037414965986394557	1.3658967371605661
tRNA-iMet-CAT	42	1	48	0.052980132450331126	0.0010438413361169101	5.665477106411101
tRNA-iMet-CAT	43	10	422	0.3201820940819423	0.010330578512396695	4.953899676086365
tRNA-iMet-CAT	44	1	1485	0.532258064516129	0.0010504201680672268	8.985015572279522
tRNA-iMet-CAT	45	15	5166	0.7210048848569435	0.01738122827346466	5.374407092538928
tRNA-iMet-CAT	46	60	12318	0.6332510795805059	0.06872852233676977	3.203796784611982
tRNA-iMet-CAT	47	19	376	0.01896308250958241	0.02161547212741752	-0.18887085009287075
tRNA-iMet-CAT	48	1	99	0.004971376920759264	0.004132231404958678	0.2667244425547479
tRNA-iMet-CAT	49	13	57	0.0028541385008261978	0.058823529411764705	-4.365266098224243
tRNA-iMet-CAT	50	1	16	0.0008005203382198429	0.004524886877828055	-2.4988717634799817
tRNA-Glu-CTC	10	3102	128	0.004020100502512563	0.006006238588243494	-0.5792302155605925
tRNA-Glu-CTC	11	1607	88	0.002756201453269857	0.003101897426988631	-0.17046964058282238
tRNA-Glu-CTC	12	4658	207	0.006441574607126186	0.008910944123903827	-0.46816490466514543
tRNA-Glu-CTC	13	5108	385	0.011838868388683886	0.009677248236194575	0.29086241350715636
tRNA-Glu-CTC	14	5782	707	0.021277876425798297	0.010835466569718413	0.9735928977126902
tRNA-Glu-CTC	15	1398	276	0.00823806823269558	0.0026130059661767123	1.6565956568219724
tRNA-Glu-CTC	16	2847	304	0.008992220546040762	0.005293169450213159	0.7645455802840926
tRNA-Glu-CTC	17	4265	823	0.023765521224371932	0.00786714576631349	1.5949578231901622
tRNA-Glu-CTC	18	2556	2048	0.05583728665685152	0.004692629120737896	3.5727604898827736
tRNA-Glu-CTC	19	1904	2627	0.06683628037145402	0.00348342810306849	4.262051753652312
tRNA-Glu-CTC	20	3805	13005	0.2486140317338941	0.006913241992539876	5.168401487005151
tRNA-Glu-CTC	21	8051	17286	0.2483763434680154	0.014416843944961356	4.106700493528787
tRNA-Glu-CTC	22	338	780	0.011083323860406957	0.0006048870579224098	4.1955810032760095
tRNA-Glu-CTC	23	626	1006	0.014093188759070915	0.0011190401281354575	3.654664399692365
tRNA-Glu-CTC	24	565	1217	0.016763316299122578	0.0010089772185444656	4.054342081029324
tRNA-Glu-CTC	25	764	1447	0.019541906382518976	0.0013624925767338342	3.842250939417019
tRNA-Glu-CTC	26	184	312	0.004195917049947551	0.0003280319331955837	3.6770779872076043
tRNA-Glu-CTC	27	203	281	0.003764787845496322	0.00036177386816461243	3.379408460637109
tRNA-Glu-CTC	28	425	654	0.008686066433798626	0.0007568351114506482	3.520652061494739
tRNA-Glu-CTC	29	813	1223	0.0159835851325213	0.0014456880087914902	3.4667628966677086
tRNA-Glu-CTC	30	1449	2451	0.03106030844875873	0.0025719808512564366	3.5941203499224827
tRNA-Glu-CTC	31	1958	2203	0.02716399506781751	0.003463420933001024	2.971426031681246
tRNA-Glu-CTC	32	2269	2367	0.028614949407028616	0.004019436428600531	2.83170391792329
tRNA-Glu-CTC	33	6371	4175	0.0490201834000634	0.011699332122572128	2.0669497084780932
tRNA-Glu-CTC	34	6169	7286	0.08124986060619578	0.011828567265029701	2.7800900000632316
tRNA-Glu-CTC	35	9251	12285	0.12318135785262356	0.018789479029145933	2.7127869652764893
tRNA-Glu-CTC	36	14813	31387	0.26082801489163676	0.04878779794546491	2.4185065609010223
tRNA-Glu-CTC	37	15748	13270	0.10305275338008371	0.07773488789945998	0.40674891198728325
tRNA-Glu-CTC	38	3872	5900	0.04434856468501244	0.02136346582507559	1.0537416968566424
tRNA-Glu-CTC	39	3810	4063	0.02984975939462954	0.0220672558990814	0.43581206344521384
tRNA-Glu-CTC	40	1063	1258	0.009217873001450825	0.006695346010191034	0.4612752763736502
tRNA-Glu-CTC	41	1370	1590	0.011573147386579516	0.009008475857942254	0.3614263248024461
tRNA-Glu-CTC	42	2406	3656	0.026029318581487573	0.015879511074737982	0.7129710510621091
tRNA-Glu-CTC	43	1050	1565	0.011052415994576195	0.007014918393116027	0.6558635432263649
tRNA-Glu-CTC	44	357	1077	0.0075770900315887965	0.0024136788657737633	1.650410148489963
tRNA-Glu-CTC	45	332	576	0.004060970966877705	0.0023806450687662234	0.7704721683158194
tRNA-Glu-CTC	46	390	397	0.0027995402266428786	0.002860726624562639	-0.031191727780066257
tRNA-Glu-CTC	47	676	638	0.0044968846034565396	0.005033094832143309	-0.1625199180942944
tRNA-Glu-CTC	48	623	332	0.002347102530204806	0.004940288328866192	-1.0737143783873264
tRNA-Glu-CTC	49	1575	574	0.00404379130091725	0.01248325658442248	-1.6262139009516197
tRNA-Glu-CTC	50	71	141	0.000993153579579072	0.0005728578344360174	0.793839679715326
tRNA-Glu-CTC	52	1	24	0.00016903074951051512	8.104909954450407e-06	4.382345752940025
tRNA-Ile-AAT	44	37	74	1.0	0.17452830188679244	2.5184670889342495
tRNA-Ile-AAT	45	50	445	0.8574181117533719	0.19083969465648856	2.167637609258605
tRNA-Ile-AAT	46	20	576	0.5260273972602739	0.07407407407407407	2.828097349117245
tRNA-Ile-AAT	47	23	3165	0.7429577464788732	0.07849829351535836	3.242546967567738
tRNA-Ile-AAT	48	15	8974	0.6781018588484208	0.05660377358490566	3.582531858301601
tRNA-Ile-AAT	49	1	302	0.022310874704491727	0.0037735849056603774	2.5637394356556906
tRNA-Ile-AAT	50	1	96	0.007042253521126761	0.0037735849056603774	0.9001014299458794
tRNA-Gly-GCC	10	30	54	0.001090865015554927	0.00013265883684731854	3.0396799059467874
tRNA-Gly-GCC	11	74	41	0.0008275639343600508	0.00032711808963035657	1.3390592305517932
tRNA-Gly-GCC	12	39	45	0.0009074776155521497	0.00017237035760219574	2.3963503604687455
tRNA-Gly-GCC	13	138	98	0.0019723865877712033	0.0006095540979261909	1.6941161768336679
tRNA-Gly-GCC	14	264	249	0.004986482427155302	0.0011647452781491138	2.098007984176068
tRNA-Gly-GCC	15	40	82	0.0016394425895195634	0.00017644541881525722	3.215911503955163
tRNA-Gly-GCC	16	188	172	0.0034270457670007373	0.0008286063106304019	2.0482067456991055
tRNA-Gly-GCC	17	97	109	0.002167084178297348	0.0004273428964156064	2.342289148382861
tRNA-Gly-GCC	18	129	294	0.005811195445920303	0.000567999189830613	3.3548742000935956
tRNA-Gly-GCC	19	135	227	0.0044668332710206815	0.0005940646342322045	2.910560595725107
tRNA-Gly-GCC	20	175	685	0.013299937868903386	0.0007694912124103542	4.111370844849467
tRNA-Gly-GCC	21	1	67	0.0012991797715770491	4.397092642344881e-06	8.206835430482984
tRNA-Gly-GCC	22	1	12	0.00023263478277727159	4.397092642344881e-06	5.725373080654297
tRNA-Gly-GCC	23	1	30	0.0005812489101582935	4.397092642344881e-06	7.046462366819501
tRNA-Gly-GCC	26	20	27	0.00052285050348567	8.79341197574777e-05	2.571903535089718
tRNA-Gly-GCC	27	102	43	0.0008352758352758353	0.0004500191919949527	0.892266171688894
tRNA-Gly-GCC	28	1	41	0.0008117204513957633	4.429384537018581e-06	7.51773290239349
tRNA-Gly-GCC	29	1	17	0.0003525727440529274	4.461437564412005e-06	6.304268489678233
tRNA-Gly-GCC	30	15	77	0.0016353403419347987	6.711949955701131e-05	4.606715146857467
tRNA-Gly-GCC	31	251	189	0.004108606334644899	0.0011321963255492957	1.8595249589384606
tRNA-Gly-GCC	32	174	140	0.0031377470975839346	0.0008086666759616859	1.9561120094516273
tRNA-Gly-GCC	33	756	763	0.01807243184348279	0.0038406242538469746	2.234377919358492
tRNA-Gly-GCC	34	160	297	0.007606997413108624	0.0008790822381433783	3.113257073520106
tRNA-Gly-GCC	35	105	359	0.01217444384156267	0.0011427078912142087	3.4133273062452245
tRNA-Gly-GCC	36	55	100	0.003511975837606237	0.0006899060473400986	2.3478111076193127
tRNA-Gly-GCC	37	1	13	0.000470400926327978	1.318600174055223e-05	5.156811819155747
tRNA-Gly-GCC	38	10	43	0.0016113921678845794	0.00013635124079629124	3.5629079145380858
tRNA-Gly-GCC	39	1	43	0.0017043878076816361	1.4083911947382505e-05	6.919061713525726
tRNA-Gly-GCC	40	1	82	0.003570184604667363	1.5116700931188778e-05	7.883711543702606
tRNA-Asp-GTC	10	1737	547	0.21758154335719967	0.09917780061664953	1.13346704588508
tRNA-Asp-GTC	11	1155	403	0.13815563935550224	0.06186726659167604	1.1590462529349004
tRNA-Asp-GTC	12	1542	538	0.1557163531114327	0.07629508683390233	1.0292584020744053
tRNA-Asp-GTC	13	834	301	0.08013844515441959	0.03962936564504633	1.0159246448896815
tRNA-Asp-GTC	14	748	255	0.06357516828721017	0.0343229477355114	0.8892899156161228
tRNA-Asp-GTC	15	355	167	0.03997127812350407	0.01602853530792848	1.3183211075452954
tRNA-Asp-GTC	16	521	187	0.04284077892325315	0.022982928227976533	0.8984220893648809
tRNA-Asp-GTC	17	1893	478	0.09869915341730333	0.07707027115055777	0.35686324345921683
tRNA-Asp-GTC	18	433	368	0.07061984264056803	0.01732346469293859	2.027346108469624
tRNA-Asp-GTC	19	364	260	0.04752330469749589	0.01435387830750424	1.7271945677465845
tRNA-Asp-GTC	20	355	3558	0.39406357293166466	0.013805708952321692	4.83509151314688
tRNA-Asp-GTC	21	139	230	0.024840695539475106	0.005376552044250184	2.2079523882208445
tRNA-Asp-GTC	22	15	128	0.013635879407691488	0.0005798670171640638	4.55554185547728
tRNA-Asp-GTC	23	13	10	0.0010641694157709908	0.0005022989838105174	1.0831095847315577
tRNA-Asp-GTC	24	68	106	0.011154372303483111	0.002620524875717754	2.0896816210960902
tRNA-Asp-GTC	25	32	30	0.003146963180530788	0.0012316692967938108	1.3533453547945082
tRNA-Asp-GTC	26	61	49	0.0051137549572114385	0.002342370017663774	1.1264140382886523
tRNA-Asp-GTC	27	514	351	0.03539019963702359	0.019369182650638733	0.8695868243254606
tRNA-Asp-GTC	28	440	199	0.019714681989300573	0.016329560215253294	0.27178450199767146
tRNA-Asp-GTC	29	618	390	0.03719954215948111	0.02243764295828341	0.7293637343025909
tRNA-Asp-GTC	30	349	294	0.027305656171635554	0.01253997341094463	1.1226655369402028
tRNA-Asp-GTC	31	1216	638	0.056107642247823414	0.04203975799481417	0.41644292489604723
tRNA-Asp-GTC	32	5315	2372	0.1729115031345677	0.15575548001406633	0.15075092598151274
tRNA-Asp-GTC	33	8656	4439	0.24522152248370346	0.20441127851508997	0.2626108063073852
tRNA-Asp-GTC	34	18115	8739	0.32731562979886886	0.30483803113167857	0.10263959230975529
tRNA-Asp-GTC	35	55775	21229	0.444707459622515	0.48850021020179374	-0.13550257800383933
tRNA-Asp-GTC	36	50867	29928	0.3881410007003346	0.3199303118356668	0.27882315088564114
tRNA-Asp-GTC	37	40292	19975	0.2066757028008567	0.20540689345779145	0.00888419335508429
tRNA-Asp-GTC	38	16109	10309	0.09651808368208671	0.07622819719296253	0.34047451526937433
tRNA-Asp-GTC	39	13470	4987	0.044625998872493314	0.05997381989153955	-0.42644840317146865
tRNA-Asp-GTC	40	7030	2978	0.02596315638050235	0.030366908277250304	-0.22603424734339847
tRNA-Asp-GTC	41	5085	1382	0.011905274674155562	0.02149978436794439	-0.8527212840534363
tRNA-Asp-GTC	42	2651	2525	0.021288614595980034	0.011084397800681538	0.9415516734542925
tRNA-Asp-GTC	43	4004	5042	0.04077638495754145	0.016465914651949878	1.3082512251942027
tRNA-Asp-GTC	44	2185	4595	0.0358329304240685	0.008912655971479501	2.007358708203008
tRNA-Asp-GTC	45	3014	10410	0.07508438879432215	0.012144851735295422	2.6281681026885653
tRNA-Asp-GTC	46	2329	7456	0.051033538672142366	0.009298704409797777	2.456344057481738
tRNA-Asp-GTC	47	1734	4728	0.031346964754554854	0.006876504483211256	2.1885784626522273
tRNA-Asp-GTC	48	1762	2247	0.014694822478435168	0.006988375182939163	1.0722789615315973
tRNA-Asp-GTC	49	203	558	0.0036373591989987486	0.000804725283437723	2.176323136693753
tRNA-Asp-GTC	50	17	78	0.000508189672022204	6.740067321378304e-05	2.9145321491176444
tRNA-Leu-CAG	51	1	102	1.0	0.007692307692307693	7.022367813028454
tRNA-Leu-CAG	52	1	85	0.45454545454545453	0.008547008547008548	5.732861195833469
tRNA-Leu-CAG	56	1	15	0.07425742574257425	0.008547008547008548	3.1190438324401284
tRNA-Gln-CTG	17	88	122	0.5865384615384616	0.05874499332443257	3.319687909243248
tRNA-Gln-CTG	18	12	70	0.2517985611510791	0.007947019867549669	4.985712277712744
tRNA-Gln-CTG	19	42	56	0.16766467065868262	0.027061855670103094	2.631246048991919
tRNA-Gln-CTG	20	17	39	0.10455764075067024	0.010834926704907584	3.2705371943247687
tRNA-Gln-CTG	21	92	2866	0.8848410003087372	0.055388320288982544	3.9977645433723223
tRNA-Gln-CTG	22	37	263	0.07509994288977727	0.021790341578327443	1.7851229987828332
tRNA-Gln-CTG	27	24	10	0.0028473804100227792	0.013753581661891117	-2.2721002142721374
tRNA-Gln-CTG	29	1	11	0.003122338915696849	0.0005698005698005698	2.4540981743342565
tRNA-Gln-CTG	30	1	10	0.002830455703368242	0.0005698005698005698	2.312505376188633
tRNA-Gln-CTG	33	16	11	0.0031038374717832955	0.009034443817052512	-1.5413827731658067
tRNA-Gln-CTG	34	44	89	0.024497660335810623	0.024242424242424242	0.01510999479672845
tRNA-Gln-CTG	35	107	127	0.03377659574468085	0.05567117585848075	-0.7209066254202303
tRNA-Gln-CTG	36	39	192	0.048582995951417005	0.01988781234064253	1.288566870466379
tRNA-Gln-CTG	37	63	399	0.09170305676855896	0.03167420814479638	1.533661272015644
tRNA-Gln-CTG	38	1	298	0.06409980640998064	0.0005151983513652757	6.959048212656861
tRNA-Gln-CTG	39	1	11	0.0023605150214592273	0.0005151983513652757	2.1959017818093183
tRNA-Gln-CTG	40	1	33	0.007031749414020882	0.0005151983513652757	3.770683777043854
tRNA-Gln-CTG	41	22	58	0.012207956219743212	0.011334363730036065	0.10711828779309478
tRNA-Gln-CTG	42	1	109	0.02242798353909465	0.0005200208008320333	5.430586773623681
tRNA-Gln-CTG	43	1	24	0.004914004914004914	0.0005200208008320333	3.24025806307365
tRNA-Gln-CTG	48	1	14	0.0029160591543428453	0.0011363636363636363	1.3595954149236693
tRNA-Gln-CTG	49	1	22	0.004561476259589467	0.0011614401858304297	1.9735859512722458
tRNA-Gln-CTG	50	21	118	0.02388180530257033	0.024676850763807285	-0.0472463921784674
tRNA-Lys-TTT	43	33	93	0.636986301369863	0.019538188277087035	5.026893745670947
tRNA-Lys-TTT	44	24	405	0.73502722323049	0.014990630855715179	5.6156646809959305
tRNA-Lys-TTT	45	35	3032	0.8462182528607313	0.021393643031784843	5.305775725957138
tRNA-Lys-TTT	46	89	11179	0.7589273591310252	0.053357314148681056	3.830203852023891
tRNA-Lys-TTT	47	122	34781	0.7027884421095171	0.06983400114481969	3.3310889257906107
tRNA-Lys-TTT	48	94	2571	0.04938437602043756	0.05676328502415459	-0.20090340252981084
tRNA-Lys-TTT	49	93	185	0.003540940933277189	0.05317324185248713	-3.90849574363187
tRNA-Lys-TTT	50	90	124	0.002367767805995799	0.048939641109298535	-4.369404005867575
tRNA-Arg-CCG	37	14	24	1.0	0.14736842105263157	2.762500686273344
tRNA-Arg-CCG	38	45	86	0.7818181818181819	0.32142857142857145	1.2823349617927302
tRNA-Arg-CCG	40	1	67	0.3785310734463277	0.007142857142857143	5.727766657319742
tRNA-Arg-CCG	41	11	13	0.06842105263157895	0.0728476821192053	-0.09044276950207389
tRNA-Arg-CCG	42	19	47	0.19831223628691982	0.11176470588235295	0.8273090254734945
tRNA-Arg-CCG	44	23	41	0.1474820143884892	0.11917098445595854	0.3075060131056439
tRNA-Arg-CCG	45	44	41	0.12852664576802508	0.18565400843881857	-0.5305489788858239
tRNA-Arg-CCG	46	13	96	0.23132530120481928	0.06435643564356436	1.8457667390975716
tRNA-Arg-CCG	47	67	68	0.14078674948240166	0.26907630522088355	-0.9345037959751253
tRNA-Arg-CCG	48	1	117	0.195	0.00423728813559322	5.524189078449365
tRNA-Arg-CCG	49	37	13	0.021207177814029365	0.13553113553113552	-2.6759997702587865
tRNA-Arg-CCG	50	20	12	0.0192	0.06825938566552901	-1.8299211192934077
