trna_isotype	base_10	base_11	base_12	base_13	base_14	base_15	base_16	base_17	base_18	base_19	base_20	base_21	base_22	base_23	base_24	base_25	base_26	base_27	base_28	base_29	base_30	base_31	base_32	base_33	base_34	base_35	base_36	base_37	base_38	base_39	base_40	base_41	base_42	base_43	base_44	base_45	base_46	base_47	base_48	base_49	base_50	base_51	base_52	base_53	base_54	base_55	base_56	base_57	base_58	base_59	base_60
tRNA-Ala-AGC	0.0	0.0	0.0	0.0	0.0	0.0	0.0	0.0	0.0	0.0	0.0	0.0	0.0	0.0	0.0	0.0	0.0	0.0	0.0	0.0	0.0	0.0	0.0	0.0	0.0	0.0	0.0	0.0	0.0	0.0	0.0	0.0	0.0	4.392317422778761	0.0	3.169925001442312	3.1132909841770653	3.217638891365813	0.0	0.0	0.0	0.0	0.0	0.0	0.0	0.0	0.0	0.0	0.0	0.0	0.0
tRNA-Ala-CGC	0.0	0.0	0.0	0.0	0.0	0.0	0.0	0.0	0.0	0.0	0.0	0.0	0.0	0.0	0.0	0.0	0.0	0.0	0.0	0.0	0.0	0.0	0.0	0.0	0.0	0.0	0.0	0.0	0.0	0.0	0.0	0.0	1.2336429992849438	5.12804853737088	6.322042621112749	6.737534942857107	2.1792781504548557	-5.160637502379604	-5.75221536236017	-7.144475863607303	-3.9240511467667014	0.0	0.0	0.0	0.0	0.0	0.0	0.0	0.0	0.0	0.0
tRNA-Ala-TGC	0.0	0.0	0.0	0.0	0.0	0.0	0.0	0.0	0.0	0.0	0.0	0.0	0.0	0.0	0.0	0.0	0.0	0.0	0.0	0.0	0.0	0.0	0.0	0.0	0.0	0.0	0.0	0.0	0.0	0.0	0.0	0.0	8.797313560727208	5.421715745565961	7.052175283330064	7.740594498508073	5.040596400540697	4.93561232367877	-7.046347120295552	-4.338301064621563	-4.989505643759923	0.0	0.0	0.0	0.0	0.0	0.0	0.0	0.0	0.0	0.0
tRNA-Arg-CCG	0.0	0.0	0.0	0.0	0.0	0.0	0.0	0.0	0.0	0.0	0.0	0.0	0.0	0.0	0.0	0.0	0.0	0.0	0.0	0.0	0.0	0.0	0.0	0.0	0.0	0.0	0.0	2.762500686273344	1.2823349617927302	0.0	5.727766657319742	-0.09044276950207389	0.8273090254734945	0.0	0.3075060131056439	-0.5305489788858239	1.8457667390975716	-0.9345037959751253	5.524189078449365	-2.6759997702587865	-1.8299211192934077	0.0	0.0	0.0	0.0	0.0	0.0	0.0	0.0	0.0	0.0
tRNA-Arg-CCT	0.0	0.0	0.0	0.0	0.0	0.0	0.0	0.0	0.0	0.0	0.0	0.0	0.0	0.0	0.0	0.0	0.0	0.0	0.0	0.0	0.0	0.0	6.303780748177103	2.883035281465636	-1.808815879185884	-1.1260373574413125	-0.19016408843864085	-1.794415866350106	4.070389327891398	0.6415460290875237	0.0	-1.5897634869849775	1.4511067539863656	3.133945704336746	2.961338379630895	5.218220558483094	2.0857209816473885	-1.1918675543229895	5.838301186326777	0.0	0.0	0.0	0.0	0.0	0.0	0.0	0.0	0.0	0.0	0.0	0.0
tRNA-Arg-TCG	0.0	0.0	0.0	0.0	0.0	0.0	0.0	0.0	0.0	0.0	0.0	0.0	0.0	0.0	0.0	0.0	0.0	0.0	0.0	0.0	0.0	0.0	0.0	0.0	0.0	0.0	0.0	0.0	0.0	0.0	0.0	0.0	0.0	5.087462841250339	0.0	0.0	0.33602292477314905	1.2233642604037729	1.3067365706821636	0.0	0.0	0.0	0.0	0.0	0.0	0.0	0.0	0.0	0.0	0.0	0.0
tRNA-Arg-TCT	0.0	0.0	0.0	0.0	0.0	0.0	0.0	0.0	0.0	0.0	0.0	0.0	0.0	0.0	0.0	0.0	0.0	0.0	0.0	0.0	0.0	0.0	0.0	0.0	0.0	0.0	0.0	0.0	0.5294209372370717	0.0	0.0	0.0	0.0	0.0	0.0	5.015196478787165	8.83934037555599	8.60033090214436	2.851573102996219	0.0	0.0	0.0	0.0	0.0	0.0	0.0	0.0	0.0	0.0	0.0	0.0
tRNA-Asn-GTT	0.0	0.0	0.0	0.0	0.0	0.0	0.0	0.0	0.0	0.0	0.0	0.0	0.0	0.0	0.0	0.0	0.0	0.0	0.0	0.0	0.0	0.0	0.0	0.0	0.0	0.0	0.0	0.0	0.0	0.0	0.0	0.0	0.0	0.0	7.6865005271832185	7.282958666742204	7.424424404374289	7.100096532546079	6.984669104031842	-0.22051187137533987	-3.316531327442609	-1.6911619045530812	-3.1946005324976294	0.0	0.0	0.0	0.0	0.0	0.0	0.0	0.0
tRNA-Asp-GTC	1.13346704588508	1.1590462529349004	1.0292584020744053	1.0159246448896815	0.8892899156161228	1.3183211075452954	0.8984220893648809	0.35686324345921683	2.027346108469624	1.7271945677465845	4.83509151314688	2.2079523882208445	4.55554185547728	1.0831095847315577	2.0896816210960902	1.3533453547945082	1.1264140382886523	0.8695868243254606	0.27178450199767146	0.7293637343025909	1.1226655369402028	0.41644292489604723	0.15075092598151274	0.2626108063073852	0.10263959230975529	-0.13550257800383933	0.27882315088564114	0.00888419335508429	0.34047451526937433	-0.42644840317146865	-0.22603424734339847	-0.8527212840534363	0.9415516734542925	1.3082512251942027	2.007358708203008	2.6281681026885653	2.456344057481738	2.1885784626522273	1.0722789615315973	2.176323136693753	2.9145321491176444	0.0	0.0	0.0	0.0	0.0	0.0	0.0	0.0	0.0	0.0
tRNA-Cys-GCA	0.0	0.0	0.0	0.0	0.0	0.0	0.0	0.0	0.0	0.0	0.0	0.0	0.0	0.0	0.0	0.0	0.0	0.0	0.0	0.0	0.0	0.0	0.0	0.0	0.0	0.0	0.0	0.0	0.0	0.0	0.0	0.0	0.0	0.0	6.4064734527554075	-0.7857249060860614	2.209263149392813	1.232559447493447	0.0	0.0	0.0	0.0	0.0	0.0	0.0	0.0	0.0	0.0	0.0	0.0	0.0
tRNA-Gln-CTG	0.0	0.0	0.0	0.0	0.0	0.0	0.0	3.319687909243248	4.985712277712744	2.631246048991919	3.2705371943247687	3.9977645433723223	1.7851229987828332	0.0	0.0	0.0	0.0	-2.2721002142721374	0.0	2.4540981743342565	2.312505376188633	0.0	0.0	-1.5413827731658067	0.01510999479672845	-0.7209066254202303	1.288566870466379	1.533661272015644	6.959048212656861	2.1959017818093183	3.770683777043854	0.10711828779309478	5.430586773623681	3.24025806307365	0.0	0.0	0.0	0.0	1.3595954149236693	1.9735859512722458	-0.0472463921784674	0.0	0.0	0.0	0.0	0.0	0.0	0.0	0.0	0.0	0.0
tRNA-Glu-CTC	-0.5792302155605925	-0.17046964058282238	-0.46816490466514543	0.29086241350715636	0.9735928977126902	1.6565956568219724	0.7645455802840926	1.5949578231901622	3.5727604898827736	4.262051753652312	5.168401487005151	4.106700493528787	4.1955810032760095	3.654664399692365	4.054342081029324	3.842250939417019	3.6770779872076043	3.379408460637109	3.520652061494739	3.4667628966677086	3.5941203499224827	2.971426031681246	2.83170391792329	2.0669497084780932	2.7800900000632316	2.7127869652764893	2.4185065609010223	0.40674891198728325	1.0537416968566424	0.43581206344521384	0.4612752763736502	0.3614263248024461	0.7129710510621091	0.6558635432263649	1.650410148489963	0.7704721683158194	-0.031191727780066257	-0.1625199180942944	-1.0737143783873264	-1.6262139009516197	0.793839679715326	0.0	4.382345752940025	0.0	0.0	0.0	0.0	0.0	0.0	0.0	0.0
tRNA-Glu-TTC	-0.9467047454419438	-0.4782659736593223	-1.2017951020362119	-0.610750170362722	0.7524878817813158	0.05186512061263716	1.482849493354595	0.16267282623237286	1.3684001717670724	6.962989078800715	2.8795718420415346	3.4204724896732657	2.421410052252897	2.233935291110264	2.453494741828427	2.4134059197037763	1.8775550223334023	0.0	0.7874230197357323	0.0	2.1410733301241414	1.89749740925799	0.0	1.0282523224459936	1.8427443514126938	3.2310849441215135	0.7367976294672567	0.07090367157812591	0.9828979317343055	0.0	-1.0127002631217206	-0.6585624872488652	0.018358578005752184	0.36262879410077026	0.09063085448372726	0.16088888482724897	0.585258372119771	-1.4789229546419191	-1.4207131182919563	-1.6182975963821409	1.0674766068297679	0.0	0.0	0.0	0.0	0.0	0.0	0.0	0.0	0.0	0.0
tRNA-Gly-CCC	0.0	0.0	0.0	0.0	0.0	0.0	0.0	7.435093886638092	4.2714018898730375	5.90860158703687	6.7760382460590405	0.0	3.643753014446215	5.914639777166182	0.0	0.0	0.0	0.0	0.0	0.0	0.0	0.0	0.0	1.9727968107917535	4.1655391317024275	4.513872686918284	1.9628911429701148	0.0	0.0	7.52289816758871	0.0	0.0	0.0	0.0	0.0	0.0	0.0	0.0	0.0	0.0	0.0	0.0	0.0	0.0	0.0	0.0	0.0	0.0	0.0	0.0	0.0
tRNA-Gly-GCC	3.0396799059467874	1.3390592305517932	2.3963503604687455	1.6941161768336679	2.098007984176068	3.215911503955163	2.0482067456991055	2.342289148382861	3.3548742000935956	2.910560595725107	4.111370844849467	8.206835430482984	5.725373080654297	7.046462366819501	0.0	0.0	2.571903535089718	0.892266171688894	7.51773290239349	6.304268489678233	4.606715146857467	1.8595249589384606	1.9561120094516273	2.234377919358492	3.113257073520106	3.4133273062452245	2.3478111076193127	5.156811819155747	3.5629079145380858	6.919061713525726	7.883711543702606	0.0	0.0	0.0	0.0	0.0	0.0	0.0	0.0	0.0	0.0	0.0	0.0	0.0	0.0	0.0	0.0	0.0	0.0	0.0	0.0
tRNA-Gly-TCC	0.0	0.0	0.0	0.0	0.0	0.0	0.0	0.0	0.0	0.0	5.215377352632135	0.0	6.849863997746694	6.84692671466714	4.039582270778506	2.914929903649302	0.0	0.0	0.0	0.0	0.0	6.969611871808745	6.741077368824985	0.0	0.0	4.195222127594234	2.677736852781361	0.0	0.0	0.0	0.0	0.0	0.0	0.0	1.802546333038501	3.1554379565550392	0.0	0.0	0.0	0.0	0.0	0.0	0.0	0.0	0.0	0.0	0.0	0.0	0.0	0.0	0.0
tRNA-His-GTG	0.0	0.0	0.0	0.0	0.0	0.0	0.0	0.0	0.0	0.0	0.0	8.08590346987879	0.0	0.0	0.0	0.0	0.0	0.0	0.0	0.0	0.0	0.0	0.0	0.0	0.0	0.0	0.0	0.0	0.0	0.0	0.0	0.0	0.0	0.0	7.656347133957921	3.555458506411073	4.664689693191891	0.0	0.0	0.0	0.0	0.0	0.0	0.0	0.0	0.0	0.0	0.0	0.0	0.0	0.0
tRNA-Ile-AAT	0.0	0.0	0.0	0.0	0.0	0.0	0.0	0.0	0.0	0.0	0.0	0.0	0.0	0.0	0.0	0.0	0.0	0.0	0.0	0.0	0.0	0.0	0.0	0.0	0.0	0.0	0.0	0.0	0.0	0.0	0.0	0.0	0.0	0.0	2.5184670889342495	2.167637609258605	2.828097349117245	3.242546967567738	3.582531858301601	2.5637394356556906	0.9001014299458794	0.0	0.0	0.0	0.0	0.0	0.0	0.0	0.0	0.0	0.0
tRNA-Ile-TAT	0.0	0.0	0.0	0.0	0.0	0.0	0.0	0.0	0.0	0.0	0.0	0.0	0.0	0.0	0.0	0.0	0.0	0.0	0.0	0.0	0.0	0.0	0.0	0.0	0.0	0.0	0.0	0.0	0.0	0.0	0.0	0.0	0.0	0.0	0.0	3.807354922057604	3.147853219374603	2.318763517608745	2.8491446589003973	-1.3805023486303296	-5.260182861405216	0.0	-5.640761383351859	0.0	0.0	0.0	0.0	0.0	0.0	0.0	0.0
tRNA-Leu-AAG	0.0	0.0	0.0	0.0	0.0	0.0	0.0	0.0	0.0	0.0	0.0	0.0	0.0	0.0	0.0	0.0	0.0	0.0	0.0	0.0	0.0	0.0	0.0	0.0	0.0	0.0	0.0	0.0	0.0	7.691762277029865	1.8483959785234403	7.153805336079035	2.336820563033997	7.189398340762249	5.683197081406893	4.695386490414807	6.360063223774134	6.044394119358453	3.608517228700053	0.0	0.0	0.0	0.0	0.0	0.0	0.0	0.0	0.0	0.0	0.0	0.0
tRNA-Leu-CAA	0.0	0.0	0.0	0.0	0.0	0.0	0.0	0.0	0.0	0.0	0.0	0.0	0.0	0.0	0.0	0.0	0.0	0.0	0.0	0.0	0.0	0.0	0.0	0.0	0.0	0.0	6.357552004618084	0.5074410817994534	0.14524419544469422	0.06984806380446475	0.0	5.532742817590897	0.9239511426121454	0.8738486986871828	0.0	2.5946141014403845	4.343954401217361	0.0	4.510871843727705	0.0	5.1405333359399235	4.83294256083266	0.0	0.0	0.0	0.0	0.0	0.0	0.0	0.0	0.0
tRNA-Leu-CAG	0.0	0.0	0.0	0.0	0.0	0.0	0.0	0.0	0.0	0.0	0.0	0.0	0.0	0.0	0.0	0.0	0.0	0.0	0.0	0.0	0.0	0.0	0.0	0.0	0.0	0.0	0.0	0.0	0.0	0.0	0.0	0.0	0.0	0.0	0.0	0.0	0.0	0.0	0.0	0.0	0.0	7.022367813028454	5.732861195833469	0.0	0.0	0.0	3.1190438324401284	0.0	0.0	0.0	0.0
tRNA-Leu-TAG	0.0	0.0	0.0	0.0	0.0	0.0	0.0	0.0	0.0	0.0	0.0	0.0	0.0	0.0	0.0	0.0	0.0	0.0	0.0	0.0	0.0	0.0	0.0	0.0	0.0	0.0	0.0	0.0	0.0	0.0	0.0	0.0	0.0	0.0	0.0	0.0	0.0	0.0	5.129283016944966	0.0	0.0	0.0	0.0	0.0	0.0	0.0	0.0	0.0	0.0	0.0	0.0
tRNA-Lys-CTT	0.0	0.0	0.0	0.0	0.0	0.0	-0.39389612674200974	2.9138224860397903	0.0	0.0	0.0	0.0	0.0	0.0	0.0	0.0	0.0	0.0	0.0	0.0	0.0	0.0	0.0	0.0	0.0	0.0	0.0	0.0	0.0	0.0	0.0	0.0	0.0	4.187691878351796	4.799602171407549	6.723498441802098	5.387691286209207	4.823214988740239	-0.6933913984940193	-0.25651867396273575	-0.05560376503868059	0.0	0.0	0.0	0.0	0.0	0.0	0.0	0.0	0.0	0.0
tRNA-Lys-TTT	0.0	0.0	0.0	0.0	0.0	0.0	0.0	0.0	0.0	0.0	0.0	0.0	0.0	0.0	0.0	0.0	0.0	0.0	0.0	0.0	0.0	0.0	0.0	0.0	0.0	0.0	0.0	0.0	0.0	0.0	0.0	0.0	0.0	5.026893745670947	5.6156646809959305	5.305775725957138	3.830203852023891	3.3310889257906107	-0.20090340252981084	-3.90849574363187	-4.369404005867575	0.0	0.0	0.0	0.0	0.0	0.0	0.0	0.0	0.0	0.0
tRNA-Met-CAT	0.0	0.0	0.0	0.0	0.0	0.0	0.0	0.0	0.0	0.0	0.0	0.0	0.0	0.0	0.0	0.0	0.0	0.0	0.0	0.0	0.0	0.0	0.0	0.0	0.0	0.0	0.0	0.0	0.0	0.0	0.0	0.0	0.0	7.067744606635834	7.131887829563755	10.499023084450442	5.886653734107586	5.534440880372832	0.0	0.0	0.0	0.0	0.0	0.0	0.0	0.0	0.0	0.0	0.0	0.0	0.0
tRNA-Phe-GAA	0.0	0.0	0.0	0.0	0.0	0.0	0.0	0.0	0.0	0.0	0.0	0.0	0.0	0.0	0.0	0.0	0.0	0.0	0.0	0.0	0.0	0.0	0.0	0.0	0.0	0.0	0.0	0.0	0.0	0.0	0.0	0.0	0.0	6.202123823830461	6.229056151617459	6.770062732299997	3.2623133930542685	6.4466400527190055	2.3470634356241376	-2.377476022720504	0.0	0.0	0.0	0.0	0.0	0.0	0.0	0.0	0.0	0.0	0.0
tRNA-Pro-TGG	0.0	0.0	0.0	0.0	0.0	0.0	0.0	0.0	0.0	0.0	0.0	0.0	0.0	0.0	0.0	0.0	0.0	0.0	0.0	0.0	0.0	0.0	0.0	0.0	0.0	0.0	0.0	0.0	0.0	0.0	0.0	0.0	0.0	0.0	9.410011761668715	7.322585043233759	8.45884411103776	4.281887734686012	0.0	0.0	0.0	0.0	0.0	0.0	0.0	0.0	0.0	0.0	0.0	0.0	0.0
tRNA-Ser-GCT	0.0	0.0	0.0	0.0	0.0	0.0	0.0	0.0	0.0	0.0	0.0	0.0	0.0	0.0	0.0	0.0	0.0	0.0	0.0	0.0	0.0	0.0	7.648288436089985	8.494450207815714	0.0	0.0	2.5942001746659935	5.099186592198833	1.0288102241399986	6.092366600585347	5.141521286438646	5.6134876354341054	5.738707575108034	4.84799690655495	0.0	0.0	0.0	0.0	0.0	0.0	4.283339597210115	5.143715122119463	0.9387998435632624	1.8245579935901217	2.421189726260439	1.8022918420441494	0.0	0.2402630981751355	0.0	-3.7404001296774587	0.0
tRNA-Thr-AGT	0.0	0.0	0.0	0.0	0.0	0.0	0.0	0.0	0.0	0.0	0.0	0.0	0.0	0.0	0.0	0.0	0.0	0.0	0.0	0.0	0.0	0.0	0.0	0.0	4.906890595608519	0.0	0.5406083313811445	0.0	0.0	0.0	0.0	0.0	2.847092678984836	0.0	0.0	0.0	0.0	0.0	2.1223966313597264	0.18708555260049523	0.0	0.0	0.0	0.0	0.0	0.0	0.0	0.0	0.0	0.0	0.0
tRNA-Thr-TGT	0.0	0.0	0.0	0.0	0.0	0.0	0.0	0.0	0.0	0.0	0.0	0.0	0.0	0.0	0.0	0.0	0.0	0.0	0.0	0.0	0.0	0.0	0.0	0.0	0.0	0.0	0.0	0.0	0.0	0.0	0.0	0.0	0.0	0.0	4.449491131165994	8.552683327310849	8.601081404011547	8.027235443436322	1.5784344577236584	0.0	0.0	0.0	0.0	0.0	0.0	0.0	0.0	0.0	0.0	0.0	0.0
tRNA-Trp-CCA	0.0	0.0	0.0	0.0	0.0	0.0	0.0	0.0	0.0	0.0	0.0	0.0	0.0	0.0	0.0	0.0	0.0	0.0	0.0	0.0	0.0	0.0	0.0	0.0	0.0	0.0	0.0	0.0	0.0	0.0	0.0	0.0	0.0	7.9092156485547624	4.56981980329078	8.412212758260754	3.076551254418993	3.5840854027998983	0.0	0.0	0.0	0.0	0.0	0.0	0.0	0.0	0.0	0.0	0.0	0.0	0.0
tRNA-Tyr-GTA	0.0	0.0	0.0	0.0	0.0	0.0	0.0	0.0	0.0	0.0	0.0	0.0	0.0	0.0	0.0	0.0	0.0	0.0	0.0	0.0	0.0	0.0	0.0	0.0	0.0	0.0	0.0	0.0	0.0	0.0	0.0	0.0	0.0	1.8186899916006598	0.7530416628919876	9.527960954773024	2.8430546396330967	3.78185013490928	0.9678755274716342	1.1798375826638097	0.0	0.0	0.0	0.0	0.0	0.0	0.0	0.0	0.0	0.0	0.0
tRNA-Val-CAC	0.0	0.0	0.0	0.0	0.0	0.0	0.0	0.0	0.0	0.0	0.0	0.0	0.0	0.0	0.0	0.0	0.0	0.0	0.0	0.0	0.0	0.0	0.0	0.0	0.0	0.0	0.0	0.0	0.0	0.0	0.0	0.0	0.0	0.0	0.0	0.0	0.0	12.44759985827995	7.8182836809795395	0.0	0.0	0.0	0.0	0.0	0.0	0.0	0.0	0.0	0.0	0.0	0.0
tRNA-Val-TAC	0.0	0.0	0.0	0.0	0.0	0.0	0.0	0.0	0.0	0.0	0.0	0.0	0.0	0.0	0.0	0.0	0.0	0.0	0.0	0.0	0.0	2.2297516821564725	0.0	1.5766115716450564	1.6380297266757586	0.8993781827081133	-0.00740426742489425	-0.6637963571213027	0.33153994362038913	0.0	0.0	0.0	0.0	5.048581005682508	5.287268025227291	8.290584652391686	6.23655750387502	9.138527372288031	4.7620427118174895	-0.4798930692298404	-1.1083412457752067	-1.0055899364965801	0.0	0.0	0.0	0.0	0.0	0.0	0.0	0.0	0.0
tRNA-iMet-CAT	2.843177920036545	1.3658967371605661	0.0	0.0	0.0	0.0	0.0	0.0	0.0	0.0	0.0	0.0	0.0	0.0	0.0	0.0	0.0	0.0	0.0	0.0	0.0	0.0	0.0	0.0	0.0	0.0	0.0	0.0	0.0	0.0	0.0	0.0	5.665477106411101	4.953899676086365	8.985015572279522	5.374407092538928	3.203796784611982	-0.18887085009287075	0.2667244425547479	-4.365266098224243	-2.4988717634799817	0.0	0.0	0.0	0.0	0.0	0.0	0.0	0.0	0.0	0.0
